{"spot_diameter_fullres": 160.10848815200356, "tissue_hires_scalef": 0.0954335, "fiducial_diameter_fullres": 258.6367885532365, "tissue_lowres_scalef": 0.028630052}