{"spot_diameter_fullres": 147.560868121337, "tissue_hires_scalef": 0.096075326, "fiducial_diameter_fullres": 238.36755619600592, "tissue_lowres_scalef": 0.028822597}