{"spot_diameter_fullres": 147.66019791438507, "tissue_hires_scalef": 0.0975943, "fiducial_diameter_fullres": 238.5280120155451, "tissue_lowres_scalef": 0.02927829}