{"spot_diameter_fullres": 199.81513621699963, "tissue_hires_scalef": 0.0836575, "fiducial_diameter_fullres": 322.77829696592255, "tissue_lowres_scalef": 0.025097251}