{"spot_diameter_fullres": 201.77079123182028, "tissue_hires_scalef": 0.083528236, "fiducial_diameter_fullres": 325.9374319898635, "tissue_lowres_scalef": 0.02505847}