{"spot_diameter_fullres": 200.88240560236807, "tissue_hires_scalef": 0.08324662, "fiducial_diameter_fullres": 324.5023475115176, "tissue_lowres_scalef": 0.024973985}