{"spot_diameter_fullres": 159.9779242789069, "tissue_hires_scalef": 0.09548362, "fiducial_diameter_fullres": 258.42587768131114, "tissue_lowres_scalef": 0.028645087}