{"spot_diameter_fullres": 200.64089051862967, "tissue_hires_scalef": 0.083184294, "fiducial_diameter_fullres": 324.1122077608633, "tissue_lowres_scalef": 0.024955288}